,groupID,fullPathToFunctionDir,fullPathToFunctionSrcDir,fullPathToFunctionTestDir,fullPathToFunctionPYfile,functionName
0,Group_01,/Users/alduck/Documents/GitHub/SelectingConstrainingMRsScSoft/AllMethods/Group_01/absoluteDifferences,/Users/alduck/Documents/GitHub/SelectingConstrainingMRsScSoft/AllMethods/Group_01/absoluteDifferences/scr,/Users/alduck/Documents/GitHub/SelectingConstrainingMRsScSoft/AllMethods/Group_01/absoluteDifferences/test,/Users/alduck/Documents/GitHub/SelectingConstrainingMRsScSoft/AllMethods/Group_01/absoluteDifferences/scr/absoluteDifferences.py,absoluteDifferences
1,Group_01,/Users/alduck/Documents/GitHub/SelectingConstrainingMRsScSoft/AllMethods/Group_01/add_values,/Users/alduck/Documents/GitHub/SelectingConstrainingMRsScSoft/AllMethods/Group_01/add_values/scr,/Users/alduck/Documents/GitHub/SelectingConstrainingMRsScSoft/AllMethods/Group_01/add_values/test,/Users/alduck/Documents/GitHub/SelectingConstrainingMRsScSoft/AllMethods/Group_01/add_values/scr/add_values.py,add_values
2,Group_01,/Users/alduck/Documents/GitHub/SelectingConstrainingMRsScSoft/AllMethods/Group_01/average,/Users/alduck/Documents/GitHub/SelectingConstrainingMRsScSoft/AllMethods/Group_01/average/scr,/Users/alduck/Documents/GitHub/SelectingConstrainingMRsScSoft/AllMethods/Group_01/average/test,/Users/alduck/Documents/GitHub/SelectingConstrainingMRsScSoft/AllMethods/Group_01/average/scr/average.py,average
3,Group_01,/Users/alduck/Documents/GitHub/SelectingConstrainingMRsScSoft/AllMethods/Group_01/cnt_non_zeros,/Users/alduck/Documents/GitHub/SelectingConstrainingMRsScSoft/AllMethods/Group_01/cnt_non_zeros/scr,/Users/alduck/Documents/GitHub/SelectingConstrainingMRsScSoft/AllMethods/Group_01/cnt_non_zeros/test,/Users/alduck/Documents/GitHub/SelectingConstrainingMRsScSoft/AllMethods/Group_01/cnt_non_zeros/scr/cnt_non_zeros.py,cnt_non_zeros
4,Group_01,/Users/alduck/Documents/GitHub/SelectingConstrainingMRsScSoft/AllMethods/Group_01/cnt_zeros,/Users/alduck/Documents/GitHub/SelectingConstrainingMRsScSoft/AllMethods/Group_01/cnt_zeros/scr,/Users/alduck/Documents/GitHub/SelectingConstrainingMRsScSoft/AllMethods/Group_01/cnt_zeros/test,/Users/alduck/Documents/GitHub/SelectingConstrainingMRsScSoft/AllMethods/Group_01/cnt_zeros/scr/cnt_zeros.py,cnt_zeros
5,Group_01,/Users/alduck/Documents/GitHub/SelectingConstrainingMRsScSoft/AllMethods/Group_01/durbinWatson,/Users/alduck/Documents/GitHub/SelectingConstrainingMRsScSoft/AllMethods/Group_01/durbinWatson/scr,/Users/alduck/Documents/GitHub/SelectingConstrainingMRsScSoft/AllMethods/Group_01/durbinWatson/test,/Users/alduck/Documents/GitHub/SelectingConstrainingMRsScSoft/AllMethods/Group_01/durbinWatson/scr/durbinWatson.py,durbinWatson
6,Group_01,/Users/alduck/Documents/GitHub/SelectingConstrainingMRsScSoft/AllMethods/Group_01/entropy,/Users/alduck/Documents/GitHub/SelectingConstrainingMRsScSoft/AllMethods/Group_01/entropy/scr,/Users/alduck/Documents/GitHub/SelectingConstrainingMRsScSoft/AllMethods/Group_01/entropy/test,/Users/alduck/Documents/GitHub/SelectingConstrainingMRsScSoft/AllMethods/Group_01/entropy/scr/entropy.py,entropy
7,Group_01,/Users/alduck/Documents/GitHub/SelectingConstrainingMRsScSoft/AllMethods/Group_01/find_magnitude,/Users/alduck/Documents/GitHub/SelectingConstrainingMRsScSoft/AllMethods/Group_01/find_magnitude/scr,/Users/alduck/Documents/GitHub/SelectingConstrainingMRsScSoft/AllMethods/Group_01/find_magnitude/test,/Users/alduck/Documents/GitHub/SelectingConstrainingMRsScSoft/AllMethods/Group_01/find_magnitude/scr/find_magnitude.py,find_magnitude
8,Group_01,/Users/alduck/Documents/GitHub/SelectingConstrainingMRsScSoft/AllMethods/Group_01/find_max,/Users/alduck/Documents/GitHub/SelectingConstrainingMRsScSoft/AllMethods/Group_01/find_max/scr,/Users/alduck/Documents/GitHub/SelectingConstrainingMRsScSoft/AllMethods/Group_01/find_max/test,/Users/alduck/Documents/GitHub/SelectingConstrainingMRsScSoft/AllMethods/Group_01/find_max/scr/find_max.py,find_max
9,Group_01,/Users/alduck/Documents/GitHub/SelectingConstrainingMRsScSoft/AllMethods/Group_01/find_max2,/Users/alduck/Documents/GitHub/SelectingConstrainingMRsScSoft/AllMethods/Group_01/find_max2/scr,/Users/alduck/Documents/GitHub/SelectingConstrainingMRsScSoft/AllMethods/Group_01/find_max2/test,/Users/alduck/Documents/GitHub/SelectingConstrainingMRsScSoft/AllMethods/Group_01/find_max2/scr/find_max2.py,find_max2
10,Group_01,/Users/alduck/Documents/GitHub/SelectingConstrainingMRsScSoft/AllMethods/Group_01/find_median,/Users/alduck/Documents/GitHub/SelectingConstrainingMRsScSoft/AllMethods/Group_01/find_median/scr,/Users/alduck/Documents/GitHub/SelectingConstrainingMRsScSoft/AllMethods/Group_01/find_median/test,/Users/alduck/Documents/GitHub/SelectingConstrainingMRsScSoft/AllMethods/Group_01/find_median/scr/find_median.py,find_median
11,Group_01,/Users/alduck/Documents/GitHub/SelectingConstrainingMRsScSoft/AllMethods/Group_01/find_min,/Users/alduck/Documents/GitHub/SelectingConstrainingMRsScSoft/AllMethods/Group_01/find_min/scr,/Users/alduck/Documents/GitHub/SelectingConstrainingMRsScSoft/AllMethods/Group_01/find_min/test,/Users/alduck/Documents/GitHub/SelectingConstrainingMRsScSoft/AllMethods/Group_01/find_min/scr/find_min.py,find_min
12,Group_01,/Users/alduck/Documents/GitHub/SelectingConstrainingMRsScSoft/AllMethods/Group_01/geometric_mean,/Users/alduck/Documents/GitHub/SelectingConstrainingMRsScSoft/AllMethods/Group_01/geometric_mean/scr,/Users/alduck/Documents/GitHub/SelectingConstrainingMRsScSoft/AllMethods/Group_01/geometric_mean/test,/Users/alduck/Documents/GitHub/SelectingConstrainingMRsScSoft/AllMethods/Group_01/geometric_mean/scr/geometric_mean.py,geometric_mean
13,Group_01,/Users/alduck/Documents/GitHub/SelectingConstrainingMRsScSoft/AllMethods/Group_01/harmonicMean,/Users/alduck/Documents/GitHub/SelectingConstrainingMRsScSoft/AllMethods/Group_01/harmonicMean/scr,/Users/alduck/Documents/GitHub/SelectingConstrainingMRsScSoft/AllMethods/Group_01/harmonicMean/test,/Users/alduck/Documents/GitHub/SelectingConstrainingMRsScSoft/AllMethods/Group_01/harmonicMean/scr/harmonicMean.py,harmonicMean
14,Group_01,/Users/alduck/Documents/GitHub/SelectingConstrainingMRsScSoft/AllMethods/Group_01/kurtosis,/Users/alduck/Documents/GitHub/SelectingConstrainingMRsScSoft/AllMethods/Group_01/kurtosis/scr,/Users/alduck/Documents/GitHub/SelectingConstrainingMRsScSoft/AllMethods/Group_01/kurtosis/test,/Users/alduck/Documents/GitHub/SelectingConstrainingMRsScSoft/AllMethods/Group_01/kurtosis/scr/kurtosis.py,kurtosis
15,Group_01,/Users/alduck/Documents/GitHub/SelectingConstrainingMRsScSoft/AllMethods/Group_01/max,/Users/alduck/Documents/GitHub/SelectingConstrainingMRsScSoft/AllMethods/Group_01/max/scr,/Users/alduck/Documents/GitHub/SelectingConstrainingMRsScSoft/AllMethods/Group_01/max/test,/Users/alduck/Documents/GitHub/SelectingConstrainingMRsScSoft/AllMethods/Group_01/max/scr/max.py,max
16,Group_01,/Users/alduck/Documents/GitHub/SelectingConstrainingMRsScSoft/AllMethods/Group_01/min,/Users/alduck/Documents/GitHub/SelectingConstrainingMRsScSoft/AllMethods/Group_01/min/scr,/Users/alduck/Documents/GitHub/SelectingConstrainingMRsScSoft/AllMethods/Group_01/min/test,/Users/alduck/Documents/GitHub/SelectingConstrainingMRsScSoft/AllMethods/Group_01/min/scr/min.py,min
17,Group_01,/Users/alduck/Documents/GitHub/SelectingConstrainingMRsScSoft/AllMethods/Group_01/product,/Users/alduck/Documents/GitHub/SelectingConstrainingMRsScSoft/AllMethods/Group_01/product/scr,/Users/alduck/Documents/GitHub/SelectingConstrainingMRsScSoft/AllMethods/Group_01/product/test,/Users/alduck/Documents/GitHub/SelectingConstrainingMRsScSoft/AllMethods/Group_01/product/scr/product.py,product
18,Group_01,/Users/alduck/Documents/GitHub/SelectingConstrainingMRsScSoft/AllMethods/Group_01/safeNorm,/Users/alduck/Documents/GitHub/SelectingConstrainingMRsScSoft/AllMethods/Group_01/safeNorm/scr,/Users/alduck/Documents/GitHub/SelectingConstrainingMRsScSoft/AllMethods/Group_01/safeNorm/test,/Users/alduck/Documents/GitHub/SelectingConstrainingMRsScSoft/AllMethods/Group_01/safeNorm/scr/safeNorm.py,safeNorm
19,Group_01,/Users/alduck/Documents/GitHub/SelectingConstrainingMRsScSoft/AllMethods/Group_01/sampleVariance,/Users/alduck/Documents/GitHub/SelectingConstrainingMRsScSoft/AllMethods/Group_01/sampleVariance/scr,/Users/alduck/Documents/GitHub/SelectingConstrainingMRsScSoft/AllMethods/Group_01/sampleVariance/test,/Users/alduck/Documents/GitHub/SelectingConstrainingMRsScSoft/AllMethods/Group_01/sampleVariance/scr/sampleVariance.py,sampleVariance
20,Group_01,/Users/alduck/Documents/GitHub/SelectingConstrainingMRsScSoft/AllMethods/Group_01/skew,/Users/alduck/Documents/GitHub/SelectingConstrainingMRsScSoft/AllMethods/Group_01/skew/scr,/Users/alduck/Documents/GitHub/SelectingConstrainingMRsScSoft/AllMethods/Group_01/skew/test,/Users/alduck/Documents/GitHub/SelectingConstrainingMRsScSoft/AllMethods/Group_01/skew/scr/skew.py,skew
21,Group_01,/Users/alduck/Documents/GitHub/SelectingConstrainingMRsScSoft/AllMethods/Group_01/sum,/Users/alduck/Documents/GitHub/SelectingConstrainingMRsScSoft/AllMethods/Group_01/sum/scr,/Users/alduck/Documents/GitHub/SelectingConstrainingMRsScSoft/AllMethods/Group_01/sum/test,/Users/alduck/Documents/GitHub/SelectingConstrainingMRsScSoft/AllMethods/Group_01/sum/scr/sum.py,sum
22,Group_01,/Users/alduck/Documents/GitHub/SelectingConstrainingMRsScSoft/AllMethods/Group_01/sumOfLogarithms,/Users/alduck/Documents/GitHub/SelectingConstrainingMRsScSoft/AllMethods/Group_01/sumOfLogarithms/scr,/Users/alduck/Documents/GitHub/SelectingConstrainingMRsScSoft/AllMethods/Group_01/sumOfLogarithms/test,/Users/alduck/Documents/GitHub/SelectingConstrainingMRsScSoft/AllMethods/Group_01/sumOfLogarithms/scr/sumOfLogarithms.py,sumOfLogarithms
23,Group_01,/Users/alduck/Documents/GitHub/SelectingConstrainingMRsScSoft/AllMethods/Group_01/variance,/Users/alduck/Documents/GitHub/SelectingConstrainingMRsScSoft/AllMethods/Group_01/variance/scr,/Users/alduck/Documents/GitHub/SelectingConstrainingMRsScSoft/AllMethods/Group_01/variance/test,/Users/alduck/Documents/GitHub/SelectingConstrainingMRsScSoft/AllMethods/Group_01/variance/scr/variance.py,variance
24,Group_02,/Users/alduck/Documents/GitHub/SelectingConstrainingMRsScSoft/AllMethods/Group_02/canberraDistance,/Users/alduck/Documents/GitHub/SelectingConstrainingMRsScSoft/AllMethods/Group_02/canberraDistance/scr,/Users/alduck/Documents/GitHub/SelectingConstrainingMRsScSoft/AllMethods/Group_02/canberraDistance/test,/Users/alduck/Documents/GitHub/SelectingConstrainingMRsScSoft/AllMethods/Group_02/canberraDistance/scr/canberraDistance.py,canberraDistance
25,Group_02,/Users/alduck/Documents/GitHub/SelectingConstrainingMRsScSoft/AllMethods/Group_02/chebyshevDistance,/Users/alduck/Documents/GitHub/SelectingConstrainingMRsScSoft/AllMethods/Group_02/chebyshevDistance/scr,/Users/alduck/Documents/GitHub/SelectingConstrainingMRsScSoft/AllMethods/Group_02/chebyshevDistance/test,/Users/alduck/Documents/GitHub/SelectingConstrainingMRsScSoft/AllMethods/Group_02/chebyshevDistance/scr/chebyshevDistance.py,chebyshevDistance
26,Group_02,/Users/alduck/Documents/GitHub/SelectingConstrainingMRsScSoft/AllMethods/Group_02/chiSquare,/Users/alduck/Documents/GitHub/SelectingConstrainingMRsScSoft/AllMethods/Group_02/chiSquare/scr,/Users/alduck/Documents/GitHub/SelectingConstrainingMRsScSoft/AllMethods/Group_02/chiSquare/test,/Users/alduck/Documents/GitHub/SelectingConstrainingMRsScSoft/AllMethods/Group_02/chiSquare/scr/chiSquare.py,chiSquare
27,Group_02,/Users/alduck/Documents/GitHub/SelectingConstrainingMRsScSoft/AllMethods/Group_02/consineDistance,/Users/alduck/Documents/GitHub/SelectingConstrainingMRsScSoft/AllMethods/Group_02/consineDistance/scr,/Users/alduck/Documents/GitHub/SelectingConstrainingMRsScSoft/AllMethods/Group_02/consineDistance/test,/Users/alduck/Documents/GitHub/SelectingConstrainingMRsScSoft/AllMethods/Group_02/consineDistance/scr/consineDistance.py,consineDistance
28,Group_02,/Users/alduck/Documents/GitHub/SelectingConstrainingMRsScSoft/AllMethods/Group_02/covariance,/Users/alduck/Documents/GitHub/SelectingConstrainingMRsScSoft/AllMethods/Group_02/covariance/scr,/Users/alduck/Documents/GitHub/SelectingConstrainingMRsScSoft/AllMethods/Group_02/covariance/test,/Users/alduck/Documents/GitHub/SelectingConstrainingMRsScSoft/AllMethods/Group_02/covariance/scr/covariance.py,covariance
29,Group_02,/Users/alduck/Documents/GitHub/SelectingConstrainingMRsScSoft/AllMethods/Group_02/distance1,/Users/alduck/Documents/GitHub/SelectingConstrainingMRsScSoft/AllMethods/Group_02/distance1/scr,/Users/alduck/Documents/GitHub/SelectingConstrainingMRsScSoft/AllMethods/Group_02/distance1/test,/Users/alduck/Documents/GitHub/SelectingConstrainingMRsScSoft/AllMethods/Group_02/distance1/scr/distance1.py,distance1
30,Group_02,/Users/alduck/Documents/GitHub/SelectingConstrainingMRsScSoft/AllMethods/Group_02/distanceInf,/Users/alduck/Documents/GitHub/SelectingConstrainingMRsScSoft/AllMethods/Group_02/distanceInf/scr,/Users/alduck/Documents/GitHub/SelectingConstrainingMRsScSoft/AllMethods/Group_02/distanceInf/test,/Users/alduck/Documents/GitHub/SelectingConstrainingMRsScSoft/AllMethods/Group_02/distanceInf/scr/distanceInf.py,distanceInf
31,Group_02,/Users/alduck/Documents/GitHub/SelectingConstrainingMRsScSoft/AllMethods/Group_02/dotProduct,/Users/alduck/Documents/GitHub/SelectingConstrainingMRsScSoft/AllMethods/Group_02/dotProduct/scr,/Users/alduck/Documents/GitHub/SelectingConstrainingMRsScSoft/AllMethods/Group_02/dotProduct/test,/Users/alduck/Documents/GitHub/SelectingConstrainingMRsScSoft/AllMethods/Group_02/dotProduct/scr/dotProduct.py,dotProduct
32,Group_02,/Users/alduck/Documents/GitHub/SelectingConstrainingMRsScSoft/AllMethods/Group_02/errorRate,/Users/alduck/Documents/GitHub/SelectingConstrainingMRsScSoft/AllMethods/Group_02/errorRate/scr,/Users/alduck/Documents/GitHub/SelectingConstrainingMRsScSoft/AllMethods/Group_02/errorRate/test,/Users/alduck/Documents/GitHub/SelectingConstrainingMRsScSoft/AllMethods/Group_02/errorRate/scr/errorRate.py,errorRate
33,Group_02,/Users/alduck/Documents/GitHub/SelectingConstrainingMRsScSoft/AllMethods/Group_02/find_euc_dist,/Users/alduck/Documents/GitHub/SelectingConstrainingMRsScSoft/AllMethods/Group_02/find_euc_dist/scr,/Users/alduck/Documents/GitHub/SelectingConstrainingMRsScSoft/AllMethods/Group_02/find_euc_dist/test,/Users/alduck/Documents/GitHub/SelectingConstrainingMRsScSoft/AllMethods/Group_02/find_euc_dist/scr/find_euc_dist.py,find_euc_dist
34,Group_02,/Users/alduck/Documents/GitHub/SelectingConstrainingMRsScSoft/AllMethods/Group_02/g,/Users/alduck/Documents/GitHub/SelectingConstrainingMRsScSoft/AllMethods/Group_02/g/scr,/Users/alduck/Documents/GitHub/SelectingConstrainingMRsScSoft/AllMethods/Group_02/g/test,/Users/alduck/Documents/GitHub/SelectingConstrainingMRsScSoft/AllMethods/Group_02/g/scr/g.py,g
35,Group_02,/Users/alduck/Documents/GitHub/SelectingConstrainingMRsScSoft/AllMethods/Group_02/hamming_dist,/Users/alduck/Documents/GitHub/SelectingConstrainingMRsScSoft/AllMethods/Group_02/hamming_dist/scr,/Users/alduck/Documents/GitHub/SelectingConstrainingMRsScSoft/AllMethods/Group_02/hamming_dist/test,/Users/alduck/Documents/GitHub/SelectingConstrainingMRsScSoft/AllMethods/Group_02/hamming_dist/scr/hamming_dist.py,hamming_dist
36,Group_02,/Users/alduck/Documents/GitHub/SelectingConstrainingMRsScSoft/AllMethods/Group_02/manhattanDistance,/Users/alduck/Documents/GitHub/SelectingConstrainingMRsScSoft/AllMethods/Group_02/manhattanDistance/scr,/Users/alduck/Documents/GitHub/SelectingConstrainingMRsScSoft/AllMethods/Group_02/manhattanDistance/test,/Users/alduck/Documents/GitHub/SelectingConstrainingMRsScSoft/AllMethods/Group_02/manhattanDistance/scr/manhattanDistance.py,manhattanDistance
37,Group_02,/Users/alduck/Documents/GitHub/SelectingConstrainingMRsScSoft/AllMethods/Group_02/manhattanDistance2,/Users/alduck/Documents/GitHub/SelectingConstrainingMRsScSoft/AllMethods/Group_02/manhattanDistance2/scr,/Users/alduck/Documents/GitHub/SelectingConstrainingMRsScSoft/AllMethods/Group_02/manhattanDistance2/test,/Users/alduck/Documents/GitHub/SelectingConstrainingMRsScSoft/AllMethods/Group_02/manhattanDistance2/scr/manhattanDistance2.py,manhattanDistance2
38,Group_02,/Users/alduck/Documents/GitHub/SelectingConstrainingMRsScSoft/AllMethods/Group_02/meanDifference,/Users/alduck/Documents/GitHub/SelectingConstrainingMRsScSoft/AllMethods/Group_02/meanDifference/scr,/Users/alduck/Documents/GitHub/SelectingConstrainingMRsScSoft/AllMethods/Group_02/meanDifference/test,/Users/alduck/Documents/GitHub/SelectingConstrainingMRsScSoft/AllMethods/Group_02/meanDifference/scr/meanDifference.py,meanDifference
39,Group_02,/Users/alduck/Documents/GitHub/SelectingConstrainingMRsScSoft/AllMethods/Group_02/mean_absolute_error,/Users/alduck/Documents/GitHub/SelectingConstrainingMRsScSoft/AllMethods/Group_02/mean_absolute_error/scr,/Users/alduck/Documents/GitHub/SelectingConstrainingMRsScSoft/AllMethods/Group_02/mean_absolute_error/test,/Users/alduck/Documents/GitHub/SelectingConstrainingMRsScSoft/AllMethods/Group_02/mean_absolute_error/scr/mean_absolute_error.py,mean_absolute_error
40,Group_02,/Users/alduck/Documents/GitHub/SelectingConstrainingMRsScSoft/AllMethods/Group_02/polevl,/Users/alduck/Documents/GitHub/SelectingConstrainingMRsScSoft/AllMethods/Group_02/polevl/scr,/Users/alduck/Documents/GitHub/SelectingConstrainingMRsScSoft/AllMethods/Group_02/polevl/test,/Users/alduck/Documents/GitHub/SelectingConstrainingMRsScSoft/AllMethods/Group_02/polevl/scr/polevl.py,polevl
41,Group_02,/Users/alduck/Documents/GitHub/SelectingConstrainingMRsScSoft/AllMethods/Group_02/pooledVariance,/Users/alduck/Documents/GitHub/SelectingConstrainingMRsScSoft/AllMethods/Group_02/pooledVariance/scr,/Users/alduck/Documents/GitHub/SelectingConstrainingMRsScSoft/AllMethods/Group_02/pooledVariance/test,/Users/alduck/Documents/GitHub/SelectingConstrainingMRsScSoft/AllMethods/Group_02/pooledVariance/scr/pooledVariance.py,pooledVariance
42,Group_02,/Users/alduck/Documents/GitHub/SelectingConstrainingMRsScSoft/AllMethods/Group_02/sampleWeightefVariance,/Users/alduck/Documents/GitHub/SelectingConstrainingMRsScSoft/AllMethods/Group_02/sampleWeightefVariance/scr,/Users/alduck/Documents/GitHub/SelectingConstrainingMRsScSoft/AllMethods/Group_02/sampleWeightefVariance/test,/Users/alduck/Documents/GitHub/SelectingConstrainingMRsScSoft/AllMethods/Group_02/sampleWeightefVariance/scr/sampleWeightefVariance.py,sampleWeightefVariance
43,Group_02,/Users/alduck/Documents/GitHub/SelectingConstrainingMRsScSoft/AllMethods/Group_02/tanimotoDistance,/Users/alduck/Documents/GitHub/SelectingConstrainingMRsScSoft/AllMethods/Group_02/tanimotoDistance/scr,/Users/alduck/Documents/GitHub/SelectingConstrainingMRsScSoft/AllMethods/Group_02/tanimotoDistance/test,/Users/alduck/Documents/GitHub/SelectingConstrainingMRsScSoft/AllMethods/Group_02/tanimotoDistance/scr/tanimotoDistance.py,tanimotoDistance
44,Group_02,/Users/alduck/Documents/GitHub/SelectingConstrainingMRsScSoft/AllMethods/Group_02/varianceDifference,/Users/alduck/Documents/GitHub/SelectingConstrainingMRsScSoft/AllMethods/Group_02/varianceDifference/scr,/Users/alduck/Documents/GitHub/SelectingConstrainingMRsScSoft/AllMethods/Group_02/varianceDifference/test,/Users/alduck/Documents/GitHub/SelectingConstrainingMRsScSoft/AllMethods/Group_02/varianceDifference/scr/varianceDifference.py,varianceDifference
45,Group_02,/Users/alduck/Documents/GitHub/SelectingConstrainingMRsScSoft/AllMethods/Group_02/weightedAverage,/Users/alduck/Documents/GitHub/SelectingConstrainingMRsScSoft/AllMethods/Group_02/weightedAverage/scr,/Users/alduck/Documents/GitHub/SelectingConstrainingMRsScSoft/AllMethods/Group_02/weightedAverage/test,/Users/alduck/Documents/GitHub/SelectingConstrainingMRsScSoft/AllMethods/Group_02/weightedAverage/scr/weightedAverage.py,weightedAverage
46,Group_02,/Users/alduck/Documents/GitHub/SelectingConstrainingMRsScSoft/AllMethods/Group_02/weightedMean,/Users/alduck/Documents/GitHub/SelectingConstrainingMRsScSoft/AllMethods/Group_02/weightedMean/scr,/Users/alduck/Documents/GitHub/SelectingConstrainingMRsScSoft/AllMethods/Group_02/weightedMean/test,/Users/alduck/Documents/GitHub/SelectingConstrainingMRsScSoft/AllMethods/Group_02/weightedMean/scr/weightedMean.py,weightedMean
47,Group_02,/Users/alduck/Documents/GitHub/SelectingConstrainingMRsScSoft/AllMethods/Group_02/weightedRMS,/Users/alduck/Documents/GitHub/SelectingConstrainingMRsScSoft/AllMethods/Group_02/weightedRMS/scr,/Users/alduck/Documents/GitHub/SelectingConstrainingMRsScSoft/AllMethods/Group_02/weightedRMS/test,/Users/alduck/Documents/GitHub/SelectingConstrainingMRsScSoft/AllMethods/Group_02/weightedRMS/scr/weightedRMS.py,weightedRMS
48,Group_03,/Users/alduck/Documents/GitHub/SelectingConstrainingMRsScSoft/AllMethods/Group_03/add,/Users/alduck/Documents/GitHub/SelectingConstrainingMRsScSoft/AllMethods/Group_03/add/scr,/Users/alduck/Documents/GitHub/SelectingConstrainingMRsScSoft/AllMethods/Group_03/add/test,/Users/alduck/Documents/GitHub/SelectingConstrainingMRsScSoft/AllMethods/Group_03/add/scr/add.py,add
49,Group_03,/Users/alduck/Documents/GitHub/SelectingConstrainingMRsScSoft/AllMethods/Group_03/calculateDifferences,/Users/alduck/Documents/GitHub/SelectingConstrainingMRsScSoft/AllMethods/Group_03/calculateDifferences/scr,/Users/alduck/Documents/GitHub/SelectingConstrainingMRsScSoft/AllMethods/Group_03/calculateDifferences/test,/Users/alduck/Documents/GitHub/SelectingConstrainingMRsScSoft/AllMethods/Group_03/calculateDifferences/scr/calculateDifferences.py,calculateDifferences
50,Group_03,/Users/alduck/Documents/GitHub/SelectingConstrainingMRsScSoft/AllMethods/Group_03/dec,/Users/alduck/Documents/GitHub/SelectingConstrainingMRsScSoft/AllMethods/Group_03/dec/scr,/Users/alduck/Documents/GitHub/SelectingConstrainingMRsScSoft/AllMethods/Group_03/dec/test,/Users/alduck/Documents/GitHub/SelectingConstrainingMRsScSoft/AllMethods/Group_03/dec/scr/dec.py,dec
51,Group_03,/Users/alduck/Documents/GitHub/SelectingConstrainingMRsScSoft/AllMethods/Group_03/dividedDifference,/Users/alduck/Documents/GitHub/SelectingConstrainingMRsScSoft/AllMethods/Group_03/dividedDifference/scr,/Users/alduck/Documents/GitHub/SelectingConstrainingMRsScSoft/AllMethods/Group_03/dividedDifference/test,/Users/alduck/Documents/GitHub/SelectingConstrainingMRsScSoft/AllMethods/Group_03/dividedDifference/scr/dividedDifference.py,dividedDifference
52,Group_03,/Users/alduck/Documents/GitHub/SelectingConstrainingMRsScSoft/AllMethods/Group_03/ebeAdd,/Users/alduck/Documents/GitHub/SelectingConstrainingMRsScSoft/AllMethods/Group_03/ebeAdd/scr,/Users/alduck/Documents/GitHub/SelectingConstrainingMRsScSoft/AllMethods/Group_03/ebeAdd/test,/Users/alduck/Documents/GitHub/SelectingConstrainingMRsScSoft/AllMethods/Group_03/ebeAdd/scr/ebeAdd.py,ebeAdd
53,Group_03,/Users/alduck/Documents/GitHub/SelectingConstrainingMRsScSoft/AllMethods/Group_03/ebeDivide,/Users/alduck/Documents/GitHub/SelectingConstrainingMRsScSoft/AllMethods/Group_03/ebeDivide/scr,/Users/alduck/Documents/GitHub/SelectingConstrainingMRsScSoft/AllMethods/Group_03/ebeDivide/test,/Users/alduck/Documents/GitHub/SelectingConstrainingMRsScSoft/AllMethods/Group_03/ebeDivide/scr/ebeDivide.py,ebeDivide
54,Group_03,/Users/alduck/Documents/GitHub/SelectingConstrainingMRsScSoft/AllMethods/Group_03/ebeMultiply,/Users/alduck/Documents/GitHub/SelectingConstrainingMRsScSoft/AllMethods/Group_03/ebeMultiply/scr,/Users/alduck/Documents/GitHub/SelectingConstrainingMRsScSoft/AllMethods/Group_03/ebeMultiply/test,/Users/alduck/Documents/GitHub/SelectingConstrainingMRsScSoft/AllMethods/Group_03/ebeMultiply/scr/ebeMultiply.py,ebeMultiply
55,Group_03,/Users/alduck/Documents/GitHub/SelectingConstrainingMRsScSoft/AllMethods/Group_03/ebeSubtract,/Users/alduck/Documents/GitHub/SelectingConstrainingMRsScSoft/AllMethods/Group_03/ebeSubtract/scr,/Users/alduck/Documents/GitHub/SelectingConstrainingMRsScSoft/AllMethods/Group_03/ebeSubtract/test,/Users/alduck/Documents/GitHub/SelectingConstrainingMRsScSoft/AllMethods/Group_03/ebeSubtract/scr/ebeSubtract.py,ebeSubtract
56,Group_03,/Users/alduck/Documents/GitHub/SelectingConstrainingMRsScSoft/AllMethods/Group_03/elementwise_equal,/Users/alduck/Documents/GitHub/SelectingConstrainingMRsScSoft/AllMethods/Group_03/elementwise_equal/scr,/Users/alduck/Documents/GitHub/SelectingConstrainingMRsScSoft/AllMethods/Group_03/elementwise_equal/test,/Users/alduck/Documents/GitHub/SelectingConstrainingMRsScSoft/AllMethods/Group_03/elementwise_equal/scr/elementwise_equal.py,elementwise_equal
57,Group_03,/Users/alduck/Documents/GitHub/SelectingConstrainingMRsScSoft/AllMethods/Group_03/elementwise_max,/Users/alduck/Documents/GitHub/SelectingConstrainingMRsScSoft/AllMethods/Group_03/elementwise_max/scr,/Users/alduck/Documents/GitHub/SelectingConstrainingMRsScSoft/AllMethods/Group_03/elementwise_max/test,/Users/alduck/Documents/GitHub/SelectingConstrainingMRsScSoft/AllMethods/Group_03/elementwise_max/scr/elementwise_max.py,elementwise_max
58,Group_03,/Users/alduck/Documents/GitHub/SelectingConstrainingMRsScSoft/AllMethods/Group_03/elementwise_min,/Users/alduck/Documents/GitHub/SelectingConstrainingMRsScSoft/AllMethods/Group_03/elementwise_min/scr,/Users/alduck/Documents/GitHub/SelectingConstrainingMRsScSoft/AllMethods/Group_03/elementwise_min/test,/Users/alduck/Documents/GitHub/SelectingConstrainingMRsScSoft/AllMethods/Group_03/elementwise_min/scr/elementwise_min.py,elementwise_min
59,Group_03,/Users/alduck/Documents/GitHub/SelectingConstrainingMRsScSoft/AllMethods/Group_03/elementwise_not_equal,/Users/alduck/Documents/GitHub/SelectingConstrainingMRsScSoft/AllMethods/Group_03/elementwise_not_equal/scr,/Users/alduck/Documents/GitHub/SelectingConstrainingMRsScSoft/AllMethods/Group_03/elementwise_not_equal/test,/Users/alduck/Documents/GitHub/SelectingConstrainingMRsScSoft/AllMethods/Group_03/elementwise_not_equal/scr/elementwise_not_equal.py,elementwise_not_equal
60,Group_03,/Users/alduck/Documents/GitHub/SelectingConstrainingMRsScSoft/AllMethods/Group_03/find_diff,/Users/alduck/Documents/GitHub/SelectingConstrainingMRsScSoft/AllMethods/Group_03/find_diff/scr,/Users/alduck/Documents/GitHub/SelectingConstrainingMRsScSoft/AllMethods/Group_03/find_diff/test,/Users/alduck/Documents/GitHub/SelectingConstrainingMRsScSoft/AllMethods/Group_03/find_diff/scr/find_diff.py,find_diff
61,Group_03,/Users/alduck/Documents/GitHub/SelectingConstrainingMRsScSoft/AllMethods/Group_03/pooledMean,/Users/alduck/Documents/GitHub/SelectingConstrainingMRsScSoft/AllMethods/Group_03/pooledMean/scr,/Users/alduck/Documents/GitHub/SelectingConstrainingMRsScSoft/AllMethods/Group_03/pooledMean/test,/Users/alduck/Documents/GitHub/SelectingConstrainingMRsScSoft/AllMethods/Group_03/pooledMean/scr/pooledMean.py,pooledMean
62,Group_04,/Users/alduck/Documents/GitHub/SelectingConstrainingMRsScSoft/AllMethods/Group_04/array_copy,/Users/alduck/Documents/GitHub/SelectingConstrainingMRsScSoft/AllMethods/Group_04/array_copy/scr,/Users/alduck/Documents/GitHub/SelectingConstrainingMRsScSoft/AllMethods/Group_04/array_copy/test,/Users/alduck/Documents/GitHub/SelectingConstrainingMRsScSoft/AllMethods/Group_04/array_copy/scr/array_copy.py,array_copy
63,Group_04,/Users/alduck/Documents/GitHub/SelectingConstrainingMRsScSoft/AllMethods/Group_04/bubble,/Users/alduck/Documents/GitHub/SelectingConstrainingMRsScSoft/AllMethods/Group_04/bubble/scr,/Users/alduck/Documents/GitHub/SelectingConstrainingMRsScSoft/AllMethods/Group_04/bubble/test,/Users/alduck/Documents/GitHub/SelectingConstrainingMRsScSoft/AllMethods/Group_04/bubble/scr/bubble.py,bubble
64,Group_04,/Users/alduck/Documents/GitHub/SelectingConstrainingMRsScSoft/AllMethods/Group_04/insertion_sort,/Users/alduck/Documents/GitHub/SelectingConstrainingMRsScSoft/AllMethods/Group_04/insertion_sort/scr,/Users/alduck/Documents/GitHub/SelectingConstrainingMRsScSoft/AllMethods/Group_04/insertion_sort/test,/Users/alduck/Documents/GitHub/SelectingConstrainingMRsScSoft/AllMethods/Group_04/insertion_sort/scr/insertion_sort.py,insertion_sort
65,Group_04,/Users/alduck/Documents/GitHub/SelectingConstrainingMRsScSoft/AllMethods/Group_04/reverse,/Users/alduck/Documents/GitHub/SelectingConstrainingMRsScSoft/AllMethods/Group_04/reverse/scr,/Users/alduck/Documents/GitHub/SelectingConstrainingMRsScSoft/AllMethods/Group_04/reverse/test,/Users/alduck/Documents/GitHub/SelectingConstrainingMRsScSoft/AllMethods/Group_04/reverse/scr/reverse.py,reverse
66,Group_04,/Users/alduck/Documents/GitHub/SelectingConstrainingMRsScSoft/AllMethods/Group_04/selection_sort,/Users/alduck/Documents/GitHub/SelectingConstrainingMRsScSoft/AllMethods/Group_04/selection_sort/scr,/Users/alduck/Documents/GitHub/SelectingConstrainingMRsScSoft/AllMethods/Group_04/selection_sort/test,/Users/alduck/Documents/GitHub/SelectingConstrainingMRsScSoft/AllMethods/Group_04/selection_sort/scr/selection_sort.py,selection_sort
67,Group_04,/Users/alduck/Documents/GitHub/SelectingConstrainingMRsScSoft/AllMethods/Group_04/shell_sort,/Users/alduck/Documents/GitHub/SelectingConstrainingMRsScSoft/AllMethods/Group_04/shell_sort/scr,/Users/alduck/Documents/GitHub/SelectingConstrainingMRsScSoft/AllMethods/Group_04/shell_sort/test,/Users/alduck/Documents/GitHub/SelectingConstrainingMRsScSoft/AllMethods/Group_04/shell_sort/scr/shell_sort.py,shell_sort
68,Group_04,/Users/alduck/Documents/GitHub/SelectingConstrainingMRsScSoft/AllMethods/Group_04/square,/Users/alduck/Documents/GitHub/SelectingConstrainingMRsScSoft/AllMethods/Group_04/square/scr,/Users/alduck/Documents/GitHub/SelectingConstrainingMRsScSoft/AllMethods/Group_04/square/test,/Users/alduck/Documents/GitHub/SelectingConstrainingMRsScSoft/AllMethods/Group_04/square/scr/square.py,square
69,Group_04,/Users/alduck/Documents/GitHub/SelectingConstrainingMRsScSoft/AllMethods/Group_04/standardize,/Users/alduck/Documents/GitHub/SelectingConstrainingMRsScSoft/AllMethods/Group_04/standardize/scr,/Users/alduck/Documents/GitHub/SelectingConstrainingMRsScSoft/AllMethods/Group_04/standardize/test,/Users/alduck/Documents/GitHub/SelectingConstrainingMRsScSoft/AllMethods/Group_04/standardize/scr/standardize.py,standardize
70,Group_05,/Users/alduck/Documents/GitHub/SelectingConstrainingMRsScSoft/AllMethods/Group_05/count_k,/Users/alduck/Documents/GitHub/SelectingConstrainingMRsScSoft/AllMethods/Group_05/count_k/scr,/Users/alduck/Documents/GitHub/SelectingConstrainingMRsScSoft/AllMethods/Group_05/count_k/test,/Users/alduck/Documents/GitHub/SelectingConstrainingMRsScSoft/AllMethods/Group_05/count_k/scr/count_k.py,count_k
71,Group_05,/Users/alduck/Documents/GitHub/SelectingConstrainingMRsScSoft/AllMethods/Group_05/evaluateHoners,/Users/alduck/Documents/GitHub/SelectingConstrainingMRsScSoft/AllMethods/Group_05/evaluateHoners/scr,/Users/alduck/Documents/GitHub/SelectingConstrainingMRsScSoft/AllMethods/Group_05/evaluateHoners/test,/Users/alduck/Documents/GitHub/SelectingConstrainingMRsScSoft/AllMethods/Group_05/evaluateHoners/scr/evaluateHoners.py,evaluateHoners
72,Group_05,/Users/alduck/Documents/GitHub/SelectingConstrainingMRsScSoft/AllMethods/Group_05/get_array_value,/Users/alduck/Documents/GitHub/SelectingConstrainingMRsScSoft/AllMethods/Group_05/get_array_value/scr,/Users/alduck/Documents/GitHub/SelectingConstrainingMRsScSoft/AllMethods/Group_05/get_array_value/test,/Users/alduck/Documents/GitHub/SelectingConstrainingMRsScSoft/AllMethods/Group_05/get_array_value/scr/get_array_value.py,get_array_value
73,Group_05,/Users/alduck/Documents/GitHub/SelectingConstrainingMRsScSoft/AllMethods/Group_05/lag1_autocorrelation,/Users/alduck/Documents/GitHub/SelectingConstrainingMRsScSoft/AllMethods/Group_05/lag1_autocorrelation/scr,/Users/alduck/Documents/GitHub/SelectingConstrainingMRsScSoft/AllMethods/Group_05/lag1_autocorrelation/test,/Users/alduck/Documents/GitHub/SelectingConstrainingMRsScSoft/AllMethods/Group_05/lag1_autocorrelation/scr/lag1_autocorrelation.py,lag1_autocorrelation
74,Group_05,/Users/alduck/Documents/GitHub/SelectingConstrainingMRsScSoft/AllMethods/Group_05/meanDeviation,/Users/alduck/Documents/GitHub/SelectingConstrainingMRsScSoft/AllMethods/Group_05/meanDeviation/scr,/Users/alduck/Documents/GitHub/SelectingConstrainingMRsScSoft/AllMethods/Group_05/meanDeviation/test,/Users/alduck/Documents/GitHub/SelectingConstrainingMRsScSoft/AllMethods/Group_05/meanDeviation/scr/meanDeviation.py,meanDeviation
75,Group_05,/Users/alduck/Documents/GitHub/SelectingConstrainingMRsScSoft/AllMethods/Group_05/quantile,/Users/alduck/Documents/GitHub/SelectingConstrainingMRsScSoft/AllMethods/Group_05/quantile/scr,/Users/alduck/Documents/GitHub/SelectingConstrainingMRsScSoft/AllMethods/Group_05/quantile/test,/Users/alduck/Documents/GitHub/SelectingConstrainingMRsScSoft/AllMethods/Group_05/quantile/scr/quantile.py,quantile
76,Group_05,/Users/alduck/Documents/GitHub/SelectingConstrainingMRsScSoft/AllMethods/Group_05/sampleVariance,/Users/alduck/Documents/GitHub/SelectingConstrainingMRsScSoft/AllMethods/Group_05/sampleVariance/scr,/Users/alduck/Documents/GitHub/SelectingConstrainingMRsScSoft/AllMethods/Group_05/sampleVariance/test,/Users/alduck/Documents/GitHub/SelectingConstrainingMRsScSoft/AllMethods/Group_05/sampleVariance/scr/sampleVariance.py,sampleVariance
77,Group_05,/Users/alduck/Documents/GitHub/SelectingConstrainingMRsScSoft/AllMethods/Group_05/sequential_search,/Users/alduck/Documents/GitHub/SelectingConstrainingMRsScSoft/AllMethods/Group_05/sequential_search/scr,/Users/alduck/Documents/GitHub/SelectingConstrainingMRsScSoft/AllMethods/Group_05/sequential_search/test,/Users/alduck/Documents/GitHub/SelectingConstrainingMRsScSoft/AllMethods/Group_05/sequential_search/scr/sequential_search.py,sequential_search
78,Group_06,/Users/alduck/Documents/GitHub/SelectingConstrainingMRsScSoft/AllMethods/Group_06/array_calc1,/Users/alduck/Documents/GitHub/SelectingConstrainingMRsScSoft/AllMethods/Group_06/array_calc1/scr,/Users/alduck/Documents/GitHub/SelectingConstrainingMRsScSoft/AllMethods/Group_06/array_calc1/test,/Users/alduck/Documents/GitHub/SelectingConstrainingMRsScSoft/AllMethods/Group_06/array_calc1/scr/array_calc1.py,array_calc1
79,Group_06,/Users/alduck/Documents/GitHub/SelectingConstrainingMRsScSoft/AllMethods/Group_06/dec_array,/Users/alduck/Documents/GitHub/SelectingConstrainingMRsScSoft/AllMethods/Group_06/dec_array/scr,/Users/alduck/Documents/GitHub/SelectingConstrainingMRsScSoft/AllMethods/Group_06/dec_array/test,/Users/alduck/Documents/GitHub/SelectingConstrainingMRsScSoft/AllMethods/Group_06/dec_array/scr/dec_array.py,dec_array
80,Group_06,/Users/alduck/Documents/GitHub/SelectingConstrainingMRsScSoft/AllMethods/Group_06/power,/Users/alduck/Documents/GitHub/SelectingConstrainingMRsScSoft/AllMethods/Group_06/power/scr,/Users/alduck/Documents/GitHub/SelectingConstrainingMRsScSoft/AllMethods/Group_06/power/test,/Users/alduck/Documents/GitHub/SelectingConstrainingMRsScSoft/AllMethods/Group_06/power/scr/power.py,power
81,Group_06,/Users/alduck/Documents/GitHub/SelectingConstrainingMRsScSoft/AllMethods/Group_06/scale,/Users/alduck/Documents/GitHub/SelectingConstrainingMRsScSoft/AllMethods/Group_06/scale/scr,/Users/alduck/Documents/GitHub/SelectingConstrainingMRsScSoft/AllMethods/Group_06/scale/test,/Users/alduck/Documents/GitHub/SelectingConstrainingMRsScSoft/AllMethods/Group_06/scale/scr/scale.py,scale
82,Group_06,/Users/alduck/Documents/GitHub/SelectingConstrainingMRsScSoft/AllMethods/Group_06/set_min_val,/Users/alduck/Documents/GitHub/SelectingConstrainingMRsScSoft/AllMethods/Group_06/set_min_val/scr,/Users/alduck/Documents/GitHub/SelectingConstrainingMRsScSoft/AllMethods/Group_06/set_min_val/test,/Users/alduck/Documents/GitHub/SelectingConstrainingMRsScSoft/AllMethods/Group_06/set_min_val/scr/set_min_val.py,set_min_val
83,Group_07,/Users/alduck/Documents/GitHub/SelectingConstrainingMRsScSoft/AllMethods/Group_07/autoCorrelation,/Users/alduck/Documents/GitHub/SelectingConstrainingMRsScSoft/AllMethods/Group_07/autoCorrelation/scr,/Users/alduck/Documents/GitHub/SelectingConstrainingMRsScSoft/AllMethods/Group_07/autoCorrelation/test,/Users/alduck/Documents/GitHub/SelectingConstrainingMRsScSoft/AllMethods/Group_07/autoCorrelation/scr/autoCorrelation.py,autoCorrelation
84,Group_07,/Users/alduck/Documents/GitHub/SelectingConstrainingMRsScSoft/AllMethods/Group_07/biSearchFromTo,/Users/alduck/Documents/GitHub/SelectingConstrainingMRsScSoft/AllMethods/Group_07/biSearchFromTo/scr,/Users/alduck/Documents/GitHub/SelectingConstrainingMRsScSoft/AllMethods/Group_07/biSearchFromTo/test,/Users/alduck/Documents/GitHub/SelectingConstrainingMRsScSoft/AllMethods/Group_07/biSearchFromTo/scr/biSearchFromTo.py,biSearchFromTo
85,Group_07,/Users/alduck/Documents/GitHub/SelectingConstrainingMRsScSoft/AllMethods/Group_07/clip,/Users/alduck/Documents/GitHub/SelectingConstrainingMRsScSoft/AllMethods/Group_07/clip/scr,/Users/alduck/Documents/GitHub/SelectingConstrainingMRsScSoft/AllMethods/Group_07/clip/test,/Users/alduck/Documents/GitHub/SelectingConstrainingMRsScSoft/AllMethods/Group_07/clip/scr/clip.py,clip
86,Group_07,/Users/alduck/Documents/GitHub/SelectingConstrainingMRsScSoft/AllMethods/Group_07/evaluateWeightedProduct,/Users/alduck/Documents/GitHub/SelectingConstrainingMRsScSoft/AllMethods/Group_07/evaluateWeightedProduct/scr,/Users/alduck/Documents/GitHub/SelectingConstrainingMRsScSoft/AllMethods/Group_07/evaluateWeightedProduct/test,/Users/alduck/Documents/GitHub/SelectingConstrainingMRsScSoft/AllMethods/Group_07/evaluateWeightedProduct/scr/evaluateWeightedProduct.py,evaluateWeightedProduct
87,Group_07,/Users/alduck/Documents/GitHub/SelectingConstrainingMRsScSoft/AllMethods/Group_07/partition,/Users/alduck/Documents/GitHub/SelectingConstrainingMRsScSoft/AllMethods/Group_07/partition/scr,/Users/alduck/Documents/GitHub/SelectingConstrainingMRsScSoft/AllMethods/Group_07/partition/test,/Users/alduck/Documents/GitHub/SelectingConstrainingMRsScSoft/AllMethods/Group_07/partition/scr/partition.py,partition
88,Group_08,/Users/alduck/Documents/GitHub/SelectingConstrainingMRsScSoft/AllMethods/Group_08/checkEqual,/Users/alduck/Documents/GitHub/SelectingConstrainingMRsScSoft/AllMethods/Group_08/checkEqual/scr,/Users/alduck/Documents/GitHub/SelectingConstrainingMRsScSoft/AllMethods/Group_08/checkEqual/test,/Users/alduck/Documents/GitHub/SelectingConstrainingMRsScSoft/AllMethods/Group_08/checkEqual/scr/checkEqual.py,checkEqual
89,Group_08,/Users/alduck/Documents/GitHub/SelectingConstrainingMRsScSoft/AllMethods/Group_08/checkEqualTolerance,/Users/alduck/Documents/GitHub/SelectingConstrainingMRsScSoft/AllMethods/Group_08/checkEqualTolerance/scr,/Users/alduck/Documents/GitHub/SelectingConstrainingMRsScSoft/AllMethods/Group_08/checkEqualTolerance/test,/Users/alduck/Documents/GitHub/SelectingConstrainingMRsScSoft/AllMethods/Group_08/checkEqualTolerance/scr/checkEqualTolerance.py,checkEqualTolerance
90,Group_08,/Users/alduck/Documents/GitHub/SelectingConstrainingMRsScSoft/AllMethods/Group_08/checkNonNegative,/Users/alduck/Documents/GitHub/SelectingConstrainingMRsScSoft/AllMethods/Group_08/checkNonNegative/scr,/Users/alduck/Documents/GitHub/SelectingConstrainingMRsScSoft/AllMethods/Group_08/checkNonNegative/test,/Users/alduck/Documents/GitHub/SelectingConstrainingMRsScSoft/AllMethods/Group_08/checkNonNegative/scr/checkNonNegative.py,checkNonNegative
91,Group_08,/Users/alduck/Documents/GitHub/SelectingConstrainingMRsScSoft/AllMethods/Group_08/checkPositive,/Users/alduck/Documents/GitHub/SelectingConstrainingMRsScSoft/AllMethods/Group_08/checkPositive/scr,/Users/alduck/Documents/GitHub/SelectingConstrainingMRsScSoft/AllMethods/Group_08/checkPositive/test,/Users/alduck/Documents/GitHub/SelectingConstrainingMRsScSoft/AllMethods/Group_08/checkPositive/scr/checkPositive.py,checkPositive
92,Group_09,/Users/alduck/Documents/GitHub/SelectingConstrainingMRsScSoft/AllMethods/Group_09/add_two_array_values,/Users/alduck/Documents/GitHub/SelectingConstrainingMRsScSoft/AllMethods/Group_09/add_two_array_values/scr,/Users/alduck/Documents/GitHub/SelectingConstrainingMRsScSoft/AllMethods/Group_09/add_two_array_values/test,/Users/alduck/Documents/GitHub/SelectingConstrainingMRsScSoft/AllMethods/Group_09/add_two_array_values/scr/add_two_array_values.py,add_two_array_values
93,Group_09,/Users/alduck/Documents/GitHub/SelectingConstrainingMRsScSoft/AllMethods/Group_09/sumOfPowerOfDeviations,/Users/alduck/Documents/GitHub/SelectingConstrainingMRsScSoft/AllMethods/Group_09/sumOfPowerOfDeviations/scr,/Users/alduck/Documents/GitHub/SelectingConstrainingMRsScSoft/AllMethods/Group_09/sumOfPowerOfDeviations/test,/Users/alduck/Documents/GitHub/SelectingConstrainingMRsScSoft/AllMethods/Group_09/sumOfPowerOfDeviations/scr/sumOfPowerOfDeviations.py,sumOfPowerOfDeviations
94,Group_09,/Users/alduck/Documents/GitHub/SelectingConstrainingMRsScSoft/AllMethods/Group_09/winsorizedMean,/Users/alduck/Documents/GitHub/SelectingConstrainingMRsScSoft/AllMethods/Group_09/winsorizedMean/scr,/Users/alduck/Documents/GitHub/SelectingConstrainingMRsScSoft/AllMethods/Group_09/winsorizedMean/test,/Users/alduck/Documents/GitHub/SelectingConstrainingMRsScSoft/AllMethods/Group_09/winsorizedMean/scr/winsorizedMean.py,winsorizedMean
95,Group_10,/Users/alduck/Documents/GitHub/SelectingConstrainingMRsScSoft/AllMethods/Group_10/evaluateInternal,/Users/alduck/Documents/GitHub/SelectingConstrainingMRsScSoft/AllMethods/Group_10/evaluateInternal/scr,/Users/alduck/Documents/GitHub/SelectingConstrainingMRsScSoft/AllMethods/Group_10/evaluateInternal/test,/Users/alduck/Documents/GitHub/SelectingConstrainingMRsScSoft/AllMethods/Group_10/evaluateInternal/scr/evaluateInternal.py,evaluateInternal
96,Group_10,/Users/alduck/Documents/GitHub/SelectingConstrainingMRsScSoft/AllMethods/Group_10/evaluateNewton,/Users/alduck/Documents/GitHub/SelectingConstrainingMRsScSoft/AllMethods/Group_10/evaluateNewton/scr,/Users/alduck/Documents/GitHub/SelectingConstrainingMRsScSoft/AllMethods/Group_10/evaluateNewton/test,/Users/alduck/Documents/GitHub/SelectingConstrainingMRsScSoft/AllMethods/Group_10/evaluateNewton/scr/evaluateNewton.py,evaluateNewton
97,Group_11,/Users/alduck/Documents/GitHub/SelectingConstrainingMRsScSoft/AllMethods/Group_11/sampleKurtosis,/Users/alduck/Documents/GitHub/SelectingConstrainingMRsScSoft/AllMethods/Group_11/sampleKurtosis/scr,/Users/alduck/Documents/GitHub/SelectingConstrainingMRsScSoft/AllMethods/Group_11/sampleKurtosis/test,/Users/alduck/Documents/GitHub/SelectingConstrainingMRsScSoft/AllMethods/Group_11/sampleKurtosis/scr/sampleKurtosis.py,sampleKurtosis
98,Group_11,/Users/alduck/Documents/GitHub/SelectingConstrainingMRsScSoft/AllMethods/Group_11/sampleSkew,/Users/alduck/Documents/GitHub/SelectingConstrainingMRsScSoft/AllMethods/Group_11/sampleSkew/scr,/Users/alduck/Documents/GitHub/SelectingConstrainingMRsScSoft/AllMethods/Group_11/sampleSkew/test,/Users/alduck/Documents/GitHub/SelectingConstrainingMRsScSoft/AllMethods/Group_11/sampleSkew/scr/sampleSkew.py,sampleSkew
